{"color":"DEFAULT","isTrashed":false,"isPinned":true,"isArchived":false,"textContent":"Ngược về chiều gió, nơi đó em còn không?\nLà tại vì đâu mây che lấp đi cầu vồng?\nRồi liệu ngày mai khi gặp nhau, đứng trước mặt nhau nụ cười em còn như lân đầu?\n\nNgười lạ người thương rồi mình thành người dưng\nKí ức xa thật xa theo hai chữ Đã Từng\nVừa ngày hôm qua ta còn nhau, yêu thương đậm xâu, giờ bước qua nhau em khẽ gật đầu...\nCHÀO ANHH.....","title":"","userEditedTimestampUsec":1580694430212000,"createdTimestampUsec":1580694211895000}