{"color":"DEFAULT","isTrashed":false,"isPinned":true,"isArchived":false,"textContent":"\nDuongqua002\nMrmuabui - tạm 200k xu\nDamacja\nThaolinhconbotam - tạm\nThohotboy05 - khá, 1tr xu, 18tr xèng, pass rương\n48ozill - tạm được, 600k xu, 63tr xèng\nNguois2soi - tạm\nTinhyeuavt256 - cùi 300k xu\n...................315 - cùi 4tr xu\n...................321 - cùi 3tr xu\n...................396 - cùi 450k xu\nPkuogtkao550 - vip 2tr xu, 30tr xeng, pass rương\nAdminbi151 - tạm được, 800k xèng\nCelljr - max cùi, 200k xu\n250exp - max cùi\nH0t2x - max cùi\nAkt50 - tạm, 100k xu, pass rương\nBangnight - cùi, 1tr xu\nTaocavebi - max cùi , 2tr xèng","title":"Acc","userEditedTimestampUsec":1573734238196000,"createdTimestampUsec":1565251476755000}